과목,大단원,소단원,출처책,시작쪽,끝쪽
민법,,02 제한능력자의 재산적 법률행위 방식,쟁점노트_재산법,4,6
민법,,법정대리인의 대리행위를 통하여 법률행위를 할 경우,쟁점노트_재산법,6,7
민법,,부재자 재산관리(재산관리인),쟁점노트_재산법,7,10
민법,,법인(1) - 비영리재단법인 출연재산 귀속시기,쟁점노트_재산법,10,12
민법,,논점 05 법인(2) - 법인의 능력,쟁점노트_재산법,12,14
민법,,법인(3) - 민법상 법인의 대표기관,쟁점노트_재산법,14,16
민법,,임시이사 · 특별대리인 · 직무대행자,쟁점노트_재산법,16,19
민법,,논점 07 법인(4) - 비영리재단법인의 재산처분과 주무관청의 허가,쟁점노트_재산법,19,20
민법,,관할청의 허가가 없는 처분행위의 효력,쟁점노트_재산법,20,21
민법,,비법인사단(1) - 일반론,쟁점노트_재산법,21,25
민법,,비법인사단(2) - 종중,쟁점노트_재산법,25,31
민법,,비법인사단(3) - 비법인사단 대표자가 정관 혹은 사원총회 결의 없이 행한 대표행위 효력,쟁점노트_재산법,31,32
민법,,논점 11 대리(1) - 대리주장과 변론주의 · 증명책임,쟁점노트_재산법,32,33
민법,,대리(2) - 임의대리,쟁점노트_재산법,33,38
민법,,대리(3) - 복대리,쟁점노트_재산법,38,39
민법,,대리(4) - 표현대리,쟁점노트_재산법,39,40
민법,,제126조의 표현대리,쟁점노트_재산법,40,44
민법,,대리(5) - 무권대리인에 의해 체결된 계약의 효력,쟁점노트_재산법,44,47
민법,,부동산이중매매(반사회적 무효론),쟁점노트_재산법,47,48
민법,,반사회적 무효론의 문제점,쟁점노트_재산법,48,49
민법,,법률행위의 해석 및 계약당사자의 결정(확정),쟁점노트_재산법,49,55
민법,,통정허위표시,쟁점노트_재산법,55,66
민법,,사기 · 강박에 의한 의사표시,쟁점노트_재산법,66,68
민법,,21 강박에 의해 이루어진 의사표시를 다투는 방법,쟁점노트_재산법,68,69
민법,,법률행위 부관 - 조건 및 기한,쟁점노트_재산법,69,75
민법,,무효행위의 전환,쟁점노트_재산법,75,76
민법,,민법상 추인,쟁점노트_재산법,76,78
민법,,소멸시효(1) - 소멸시효와 소송상 쟁점,쟁점노트_재산법,78,80
민법,,소멸시효(2) - 대상 · 기산점 · 시효기간 · 시효완성 효과,쟁점노트_재산법,80,98
민법,,소멸시효(3) - 소멸시효중단 · 시효이익 포기 · 새로운 소멸시효의 진행,쟁점노트_재산법,98,102
민법,,판례분석 대판 2022.5.26. 2020다206625,쟁점노트_재산법,102,116
민법,,29 제척기간,쟁점노트_재산법,116,118
민법,,특정물채권 · 종류채권 - 목적물의 멸실 · 훼손에 따른 법률관계 (물건의 위험과 반대급부의 위험 부담),쟁점노트_재산법,118,122
민법,,금전채권 · 지연이자(지연손해금) · 약정이자,쟁점노트_재산법,122,128
민법,,소송촉진법상 가산이율 - 법리와 사례(청구취지 기재례),쟁점노트_재산법,128,132
민법,,선택채권,쟁점노트_재산법,132,134
민법,,계약체결상 과실책임,쟁점노트_재산법,134,136
민법,,「동시이행항변권」 주요쟁점,쟁점노트_재산법,136,142
민법,,제3자를 위한 계약,쟁점노트_재산법,142,150
민법,,매매계약과 과실수취권,쟁점노트_재산법,150,151
민법,,매도인의 담보책임,쟁점노트_재산법,151,152
민법,,권리의 전부가 타인에게 속하는 경우[x],쟁점노트_재산법,152,165
민법,,담보책임과 채무불이행책임의 경합,쟁점노트_재산법,165,168
민법,,매매예약,쟁점노트_재산법,168,170
민법,,부동산거래신고 등에 관한 법률상 토지거래허가를 요하는 토지매매계약,쟁점노트_재산법,170,177
민법,,주택임대차법 주요내용 주택임대차법 주요내용,쟁점노트_재산법,177,183
민법,,손해배상 청구권,쟁점노트_재산법,183,183
민법,,적용범위,쟁점노트_재산법,183,185
민법,,논점 44 임대차계약(2) - 임차권의 대항력,쟁점노트_재산법,185,197
민법,,임대차계약(3) - 임대차보증금,쟁점노트_재산법,197,202
민법,,임대차계약(4) - 임대차 양도,쟁점노트_재산법,202,203
민법,,임대인 동의 없는 임차권의 양도,쟁점노트_재산법,203,208
민법,,임대차계약(6) - 임대차종료에 따른 청산문제,쟁점노트_재산법,208,219
민법,,「도급계약」 주요쟁점,쟁점노트_재산법,219,233
민법,,「증여계약」 주요쟁점,쟁점노트_재산법,233,235
민법,,「예금계약」 주요쟁점,쟁점노트_재산법,235,238
민법,,사무관리,쟁점노트_재산법,238,241
민법,,부당이득(1) - 침해부당이득,쟁점노트_재산법,241,251
민법,,부당이득(2) - 급부부당이득 · 비용부당이득,쟁점노트_재산법,251,254
민법,,부당이득(3) - 특수유형 부당이득,쟁점노트_재산법,254,257
민법,,불법행위(1) - 공작물책임,쟁점노트_재산법,257,260
민법,,불법행위(2) - 공동불법행위,쟁점노트_재산법,260,264
민법,,논점 59 불법행위(3) - 사용자책임,쟁점노트_재산법,264,268
민법,,불법행위(4) - 「불법행위 효과」 주요쟁점,쟁점노트_재산법,268,274
민법,,변제(1) - 「변제」 주요쟁점,쟁점노트_재산법,274,275
민법,,비변제수령권자에 대한 변제임에도 유효한 변제로 되는 경우,쟁점노트_재산법,275,281
민법,,논점 62 변제(2) - 구상권 및 변제자대위권 제1편 재산법,쟁점노트_재산법,281,289
민법,,대물변제 및 원인채무에 대해 어음 · 수표가 교부된 경우,쟁점노트_재산법,289,294
민법,,상 계(3가지 유형 흐름도),쟁점노트_재산법,294,301
민법,,「공탁」 주요쟁점,쟁점노트_재산법,301,307
민법,,채무불이행 유형 · 효력,쟁점노트_재산법,307,321
민법,,손해배상청구권,쟁점노트_재산법,321,332
민법,,대상청구권,쟁점노트_재산법,332,334
민법,,손해배상액의 예정,쟁점노트_재산법,334,339
민법,,계약해제,쟁점노트_재산법,339,342
민법,,계약해제시 당사자간 법률관계,쟁점노트_재산법,342,349
민법,,채권자대위권,쟁점노트_재산법,349,357
민법,,채권자취소권(1) - 채권자취소권 소송요건,쟁점노트_재산법,357,360
민법,,채권자취소권(2) - 사해행위소송 본안판단,쟁점노트_재산법,360,369
민법,,사해행위취소 행사방법 · 인용판결,쟁점노트_재산법,369,376
민법,,채권자취소권(3) - 사해행위취소 인용판결 효력,쟁점노트_재산법,376,381
민법,,지명채권양도,쟁점노트_재산법,381,381
민사소송법,제1장 법 원,제1장 법 원,논점민소,16,25
민사소송법,제1장 법 원,제2절 관 할,논점민소,25,25
민사소송법,제1장 법 원,제1관 관할 일반론,논점민소,25,29
민사소송법,제1장 법 원,제2관 직분관할(직무관할),논점민소,29,30
민사소송법,제1장 법 원,제3관 토지관할,논점민소,30,36
민사소송법,제1장 법 원,제4관 사물관할,논점민소,36,39
민사소송법,제1장 법 원,제5관 합의관할,논점민소,39,41
민사소송법,제1장 법 원,제6관 변론관할,논점민소,41,48
민사소송법,제1장 법 원,제3절 법관의 제척 · 기피 · 회피,논점민소,48,53
민사소송법,제2장 당사자(원고와 피고),제2장 당사자(원고와 피고),논점민소,53,62
민사소송법,제2장 당사자(원고와 피고),제2절 당사자의 자격,논점민소,62,69
민사소송법,제2장 당사자(원고와 피고),제2관 당사자적격,논점민소,69,80
민사소송법,제2장 당사자(원고와 피고),제2-1관 채권자대위소송(종합),논점민소,80,84
민사소송법,제2장 당사자(원고와 피고),제3관 소송능력,논점민소,84,88
민사소송법,제2장 당사자(원고와 피고),제4관 변론능력,논점민소,88,91
민사소송법,제2장 당사자(원고와 피고),제3절 소송상 대리인,논점민소,91,101
민사소송법,제2장 당사자(원고와 피고),(나) 특별수권을 요하는 사항(제90조 제2항),논점민소,101,108
민사소송법,제1장 소송의 개시,제1장 소송의 개시,논점민소,110,118
민사소송법,제1장 소송의 개시,제2절 소송요건(訴訟要件),논점민소,118,121
민사소송법,제1장 소송의 개시,제2관 소의 이익(권리보호요건 = 소권요건 = 정당한 이익),논점민소,121,146
민사소송법,제1장 소송의 개시,제2-1관 민사소송과 신의칙,논점민소,146,149
민사소송법,제1장 소송의 개시,제3절 소송물(訴訟物) 이론,논점민소,149,160
민사소송법,제1장 소송의 개시,제2관 소제기의 효과,논점민소,160,164
민사소송법,제2장 변 론(심리절차),제2장 변 론(심리절차),논점민소,164,171
민사소송법,제2장 변 론(심리절차),제 1-1 관 소송상 상계항변 관련논점(종합),논점민소,171,175
민사소송법,제2장 변 론(심리절차),제2관 당사자 소송행위론,논점민소,175,181
민사소송법,제2장 변 론(심리절차),제2절 심리에 관한 원칙,논점민소,181,189
민사소송법,제2장 변 론(심리절차),제2관 처분권주의,논점민소,189,194
민사소송법,제2장 변 론(심리절차),제3관 변론주의,논점민소,194,209
민사소송법,제2장 변 론(심리절차),제3절 변론의 준비 및 실시,논점민소,209,215
민사소송법,제2장 변 론(심리절차),제2관 변론의 실시,논점민소,215,224
민사소송법,제2장 변 론(심리절차),(가) 개 념,논점민소,224,224
민사소송법,제2장 변 론(심리절차),(나) 불변기간 부준수와 소송행위의 추후보완,논점민소,224,234
민사소송법,제2장 변 론(심리절차),3 교부송달의 보충수단(보충송달 + 유치송달),논점민소,234,250
민사소송법,제3장 증 거,제3장 증 거,논점민소,250,252
민사소송법,제3장 증 거,제2절 요증사실과 불요증사실,논점민소,252,253
민사소송법,제3장 증 거,재판상의 자백,논점민소,253,259
민사소송법,제3장 증 거,제3절 증거조사,논점민소,259,262
민사소송법,제3장 증 거,제2관 증거조사의 실시,논점민소,262,271
민사소송법,제3장 증 거,⑶ 문서의 부제출 · 훼손 등에 대한 제재,논점민소,271,277
민사소송법,제3장 증 거,(나) 실질적 증거력 추정 문제,논점민소,277,295
민사소송법,제3장 증 거,제4절 자유심증주의,논점민소,295,306
민사소송법,제4장 소송의 종료,제4장 소송의 종료,논점민소,306,308
민사소송법,제4장 소송의 종료,제2절 당사자에 의한 종료,논점민소,308,313
민사소송법,제4장 소송의 종료,⑷ 권리보호이익이 동일할 것(전부 암기할 것),논점민소,313,316
민사소송법,제4장 소송의 종료,제2관 청구포기 · 인낙,논점민소,316,319
민사소송법,제4장 소송의 종료,제3관 재판상 화해(소송상 화해 · 제소전 화해) 및 그 밖의 신속한 분쟁해결 제도(ADR),논점민소,319,329
민사소송법,제4장 소송의 종료,제3절 종국판결에 의한 종료,논점민소,329,338
민사소송법,제4장 소송의 종료,3 소송구조 절차(제128~제133조),논점민소,338,354
민사소송법,제4장 소송의 종료,제2관 기판력(=실질적 확정력),논점민소,354,384
민사소송법,제1장 병합청구소송(청구의 복수),제1장 병합청구소송(청구의 복수),논점민소,386,398
민사소송법,제1장 병합청구소송(청구의 복수),제2절 청구변경,논점민소,398,405
민사소송법,제1장 병합청구소송(청구의 복수),제3절 반소,논점민소,405,411
민사소송법,제1장 병합청구소송(청구의 복수),제4절 중간확인의 소,논점민소,411,413
민사소송법,제2장 다수당사자소송(당사자의 복수),제2장 다수당사자소송(당사자의 복수),논점민소,413,425
민사소송법,제2장 다수당사자소송(당사자의 복수),제2관 공동소유와 소제기 형태 종합정리,논점민소,425,431
민사소송법,제2장 다수당사자소송(당사자의 복수),제2절 선정당사자,논점민소,431,436
민사소송법,제2장 다수당사자소송(당사자의 복수),제3절 제3자의 소송참가,논점민소,436,437
민사소송법,제2장 다수당사자소송(당사자의 복수),제2관 보조참가,논점민소,437,442
민사소송법,제2장 다수당사자소송(당사자의 복수),판결의 효력(참가적 효력),논점민소,442,444
민사소송법,제2장 다수당사자소송(당사자의 복수),제3관 공동소송적 보조참가,논점민소,444,447
민사소송법,제2장 다수당사자소송(당사자의 복수),제4관 소송고지,논점민소,447,450
민사소송법,제2장 다수당사자소송(당사자의 복수),제5관 공동소송참가,논점민소,451,453
민사소송법,제2장 다수당사자소송(당사자의 복수),제6관 독립당사자참가,논점민소,453,463
민사소송법,제2장 다수당사자소송(당사자의 복수),제4절 당사자변경,논점민소,463,465
민사소송법,제2장 다수당사자소송(당사자의 복수),제2관 소송승계,논점민소,465,472
민사소송법,제1장 일반론,제1장 일반론,논점민소,474,478
민사소송법,제1장 일반론,(나) 전부승소자의 상소이익,논점민소,478,485
민사소송법,제2장 항 소,제2장 항 소,논점민소,485,493
민사소송법,제2장 항 소,제2관 항소심의 심리 및 재판,논점민소,493,502
민사소송법,제 3장 상 고,제 3장 상 고,논점민소,502,515
민사소송법,제4장 항고·재항고·특별항고,제4장 항고·재항고·특별항고,논점민소,515,520
민사소송법,제4장 항고·재항고·특별항고,재심절차,논점민소,520,538
민사소송법,제1장 소액사건,제1장 소액사건,논점민소,540,546
민사소송법,제2장 독촉절차(지급명령),제2장 독촉절차(지급명령),논점민소,546,549
민사소송법,제2장 독촉절차(지급명령),저 | 자 | 약 | 력,논점민소,568,568
민사소송법,제2장 독촉절차(지급명령),주 | 요 | 저 | 서,논점민소,568,568
형법,제6장 공범론,제6장 공범론,반반형법,7,7
형법,제8장 형벌론,제8장 형벌론,반반형법,7,9
형법,제4장 명예·업무·주거,제4장 명예·업무·주거,반반형법,9,9
형법,제5장 절도와 강도,제5장 절도와 강도,반반형법,9,9
형법,제6장 사기와 공갈,제6장 사기와 공갈,반반형법,9,10
형법,제 7장 횡령과 배임,제 7장 횡령과 배임,반반형법,10,11
형법,제8장 기타 재산범죄,제8장 기타 재산범죄,반반형법,11,12
형법,제2장 국가적 법익 (공무원 범죄),제2장 국가적 법익 (공무원 범죄),반반형법,12,12
형법,제3장 국가적 법익 (공무방해),제3장 국가적 법익 (공무방해),반반형법,12,15
형법,제1장. 형법의 일반이론,제1장. 형법의 일반이론,반반형법,15,29
형법,제2장. 구성요건론,제2장. 구성요건론,반반형법,29,79
형법,제3장. 위법성론,제3장. 위법성론,반반형법,79,101
형법,제4장. 책임론,제4장. 책임론,반반형법,101,117
형법,제5장. 미수론,제5장. 미수론,반반형법,117,133
형법,제6장. 공범론,제6장. 공범론,반반형법,133,177
형법,제7장. 죄수론,제7장. 죄수론,반반형법,177,185
형법,제8장. 형벌론,제8장. 형벌론,반반형법,185,207
형법,제1장. 생명과 신체,제1장. 생명과 신체,반반형법,207,224
형법,제2장. 자유에 관한 죄,제2장. 자유에 관한 죄,반반형법,224,235
형법,제3장. 강간과 추행 (성범죄),제3장. 강간과 추행 (성범죄),반반형법,235,253
형법,제4장. 명예·업무·주거,제4장. 명예·업무·주거,반반형법,253,297
형법,제5장. 절도와 강도,제5장. 절도와 강도,반반형법,297,325
형법,제6장. 사기와 공갈,제6장. 사기와 공갈,반반형법,325,361
형법,제7장. 횡령과 배임,제7장. 횡령과 배임,반반형법,361,415
형법,제8장. 기타 재산범죄,제8장. 기타 재산범죄,반반형법,415,435
형법,제1장. 사회적 법익,제1장. 사회적 법익,반반형법,435,475
형법,제2장. 국가적 법익 (공무원 범죄),제2장. 국가적 법익 (공무원 범죄),반반형법,475,501
형법,제3장. 국가적 법익 (공무방해),제3장. 국가적 법익 (공무방해),반반형법,501,501
헌법,제1장 위헌법률심판,제1장 위헌법률심판,헌법핵심정리300,43,56
헌법,제2장 헌법소원심판,제2장 헌법소원심판,헌법핵심정리300,56,83
헌법,제3장 권한쟁의심판,제3장 권한쟁의심판,헌법핵심정리300,83,103
헌법,제 1 장 기본권 총론,제 1 장 기본권 총론,헌법핵심정리300,103,121
헌법,제2장 인간의 존엄과 가치·행복추구권·평등권,제2장 인간의 존엄과 가치·행복추구권·평등권,헌법핵심정리300,121,140
헌법,제3장 인신에 관한 자유,제3장 인신에 관한 자유,헌법핵심정리300,140,162
헌법,제4장 사생활영역의 자유,제4장 사생활영역의 자유,헌법핵심정리300,162,174
헌법,제5장 정신생활영역의 자유,제5장 정신생활영역의 자유,헌법핵심정리300,174,205
헌법,제6장 경제생활영역의 자유 logo,제6장 경제생활영역의 자유 logo,헌법핵심정리300,205,220
헌법,제7장 정치적 기본권,제7장 정치적 기본권,헌법핵심정리300,220,228
헌법,제 8 장 청구권적 기본권,제 8 장 청구권적 기본권,헌법핵심정리300,228,242
헌법,제9장 사회적 기본권,제9장 사회적 기본권,헌법핵심정리300,242,267
헌법,제 1 장 헌법과 헌법학,제 1 장 헌법과 헌법학,헌법핵심정리300,267,273
헌법,제2장 헌법의 적용범위 및 대한민국의 국가형태,제2장 헌법의 적용범위 및 대한민국의 국가형태,헌법핵심정리300,273,276
헌법,제3장 헌법의 기본원리,제3장 헌법의 기본원리,헌법핵심정리300,276,287
헌법,제1장 대의제의 원리,제1장 대의제의 원리,헌법핵심정리300,287,293
헌법,제2장 권력분립의 원리 및 정부형태,제2장 권력분립의 원리 및 정부형태,헌법핵심정리300,293,296
헌법,제3장 정당제도,제3장 정당제도,헌법핵심정리300,296,303
헌법,제4장 선거제도,제4장 선거제도,헌법핵심정리300,303,312
헌법,제5장 공무원제도,제5장 공무원제도,헌법핵심정리300,312,314
헌법,제6장 지방자치제도,제6장 지방자치제도,헌법핵심정리300,314,321
헌법,제7장 국 회,제7장 국 회,헌법핵심정리300,321,339
헌법,제8장 대통령과 행정부,제8장 대통령과 행정부,헌법핵심정리300,339,359
헌법,제 9 장 법 원,제 9 장 법 원,헌법핵심정리300,359,359
민법,물권관계,물권총설·물권적청구권,사례연습_물권,1,30
민법,물권관계,물권변동·등기,사례연습_물권,1,30
민법,물권관계,소유권(취득시효·공유),사례연습_물권,1,30
민법,물권관계,물권변동·등기,사례연습_물권,31,60
민법,물권관계,소유권(취득시효·공유),사례연습_물권,31,60
민법,물권관계,물권총설·물권적청구권,사례연습_물권,61,90
민법,물권관계,소유권(취득시효·공유),사례연습_물권,61,90
민법,물권관계,용익물권(지상·지역·전세),사례연습_물권,61,90
민법,물권관계,물권변동·등기,사례연습_물권,91,120
민법,물권관계,소유권(취득시효·공유),사례연습_물권,91,120
민법,물권관계,물권변동·등기,사례연습_물권,121,150
민법,물권관계,점유권,사례연습_물권,121,150
민법,물권관계,소유권(취득시효·공유),사례연습_물권,121,150
민법,물권관계,용익물권(지상·지역·전세),사례연습_물권,121,150
민법,물권관계,소유권(취득시효·공유),사례연습_물권,151,171
민법,물권관계,용익물권(지상·지역·전세),사례연습_물권,151,171
민법,물권관계,물권총설·물권적청구권,신민사법선택형_물권,1,30
민법,물권관계,물권변동·등기,신민사법선택형_물권,1,30
민법,물권관계,소유권(취득시효·공유),신민사법선택형_물권,1,30
민법,물권관계,물권변동·등기,신민사법선택형_물권,31,60
민법,물권관계,점유권,신민사법선택형_물권,31,60
민법,물권관계,소유권(취득시효·공유),신민사법선택형_물권,31,60
민법,물권관계,물권총설·물권적청구권,신민사법선택형_물권,61,90
민법,물권관계,물권변동·등기,신민사법선택형_물권,61,90
민법,물권관계,소유권(취득시효·공유),신민사법선택형_물권,61,90
민법,물권관계,용익물권(지상·지역·전세),신민사법선택형_물권,61,90
민법,물권관계,물권변동·등기,신민사법선택형_물권,91,120
민법,물권관계,점유권,신민사법선택형_물권,91,120
민법,물권관계,소유권(취득시효·공유),신민사법선택형_물권,91,120
민법,물권관계,용익물권(지상·지역·전세),신민사법선택형_물권,91,120
민법,물권관계,용익물권(지상·지역·전세),신민사법선택형_물권,121,144
민사집행법,집행 이론,총설,기초법리집행법,1,13
민사집행법,집행 논점,추심소송 중복제소,쟁점노트_소송집행,61,90
민사집행법,집행 논점,추심소송 중복제소,쟁점노트_소송집행,121,150
민사집행법,집행 논점,유치권(민집 91조5항),쟁점노트_소송집행,61,90
